Rank,Player,Team,Positions,Best,Worst,Avg,Std Dev,ADP,vs. ADP
1,Mike Trout,LAA,CF,1,3,1.1,0.4,1,-
2,Jose Altuve,HOU,2B,1,3,2,0.3,2,-
3,Nolan Arenado,COL,3B,3,14,4.6,2.8,3,-
4,Trea Turner,WSH,SS,2,15,6.1,2.9,4,-
5,Bryce Harper,WSH,RF,4,15,7.3,2.8,7,2
6,Charlie Blackmon,COL,CF,3,12,7.4,2.6,8,2
7,Mookie Betts,BOS,RF,3,18,7.5,3,9,2
8,Paul Goldschmidt,ARI,1B,3,18,7.7,3.6,6,-2
9,Giancarlo Stanton,NYY,RF,2,20,8.8,4,10,1
10,Clayton Kershaw,LAD,SP,3,19,9.9,3.4,5,-5
11,Kris Bryant,CHC,3B,4,16,11.5,2.9,15,4
12,Max Scherzer,WSH,SP,2,22,12,4.2,11,-1
13,Carlos Correa,HOU,SS,8,23,13.4,3.8,14,1
14,Joey Votto,CIN,1B,5,21,13.6,4,16,2
15,Corey Kluber,CLE,SP,4,22,15.4,3.8,12,-3
16,Chris Sale,BOS,SP,5,22,15.9,3.7,13,-3
17,Freddie Freeman,ATL,1B,8,24,16.9,3.2,19,2
18,Manny Machado,BAL,3B,9,35,17.8,5.5,17,-1
19,Anthony Rizzo,CHC,1B,11,25,18.8,3.3,21,2
20,J.D. Martinez,BOS,RF,8,32,20.5,5,23,3
21,Francisco Lindor,CLE,SS,15,34,21.4,3.6,20,-1
22,Aaron Judge,NYY,RF,8,34,21.5,5.1,18,-4
23,Jose Ramirez,CLE,"2B,3B",15,48,23.2,6.5,22,-1
24,George Springer,HOU,"CF,RF",12,37,25.6,4.5,28,4
25,Cody Bellinger,LAD,"1B,LF",16,54,27.2,7.2,27,2
26,Josh Donaldson,TOR,3B,20,49,27.5,5.3,29,3
27,Gary Sanchez,NYY,C,10,56,29.5,7.8,24,-3
28,Stephen Strasburg,WSH,SP,15,47,29.8,6,26,-2
29,Madison Bumgarner,SF,SP,23,67,32.1,8.7,25,-4
30,Jose Abreu,CWS,1B,20,67,32.5,9,38,8
31,Brian Dozier,MIN,2B,20,44,32.5,4.8,33,2
32,Corey Seager,LAD,SS,20,65,32.8,9.4,31,-1
33,Noah Syndergaard,NYM,SP,23,68,34.1,8.7,30,-3
34,Dee Gordon,SEA,2B,17,86,38.3,13.8,32,-2
35,Carlos Carrasco,CLE,SP,28,58,39.9,6,34,-1
36,Jacob deGrom,NYM,SP,31,60,40.1,7.7,37,1
37,Nelson Cruz,SEA,DH,14,60,40.7,8.4,52,15
38,Alex Bregman,HOU,"SS,3B",26,64,41.6,9.4,40,2
39,Andrew Benintendi,BOS,"LF,CF",29,79,41.7,9.6,41,2
40,Starling Marte,PIT,"LF,CF",18,65,41.8,9.1,53,13
41,Edwin Encarnacion,CLE,"1B,DH",30,69,42.5,8.9,50,9
42,Justin Upton,LAA,LF,28,80,42.7,9.5,45,3
43,Christian Yelich,MIL,CF,25,70,44.2,10,47,4
44,Anthony Rendon,WSH,3B,25,64,44.5,9.1,48,4
45,Luis Severino,NYY,SP,30,73,45.8,7.8,35,-10
46,Justin Verlander,HOU,SP,28,67,46.3,8.8,36,-10
47,Rhys Hoskins,PHI,"1B,LF",30,81,47.2,11.9,43,-4
48,Marcell Ozuna,STL,LF,35,83,47.9,11.6,44,-4
49,Zack Greinke,ARI,SP,29,89,52.1,15.1,42,-7
50,Kenley Jansen,LAD,RP,31,90,53.3,10.9,39,-11
51,Yu Darvish,CHC,SP,38,106,55.1,14.4,49,-2
52,Tommy Pham,STL,"LF,CF",31,87,57.4,14,57,5
53,Khris Davis,OAK,"LF,DH",45,78,58.2,8.1,65,12
54,Wil Myers,SD,1B,42,109,59.6,14.7,67,13
55,A.J. Pollock,ARI,CF,34,117,59.6,16.3,64,9
56,Elvis Andrus,TEX,SS,32,121,59.7,16,62,6
57,Daniel Murphy,WSH,2B,26,108,60.3,19.4,70,13
58,Byron Buxton,MIN,CF,44,163,61.2,19.9,58,-
59,Chris Archer,TB,SP,49,82,61.8,8,55,-4
60,Carlos Martinez,STL,SP,41,111,62.1,14.7,54,-6
61,Craig Kimbrel,BOS,RP,33,113,64.6,14.3,51,-10
62,Robinson Cano,SEA,2B,37,110,64.9,15.1,74,12
63,Robbie Ray,ARI,SP,36,194,65,27.6,46,-17
64,Jonathan Schoop,BAL,2B,41,120,65.6,16.8,59,-5
65,Yoenis Cespedes,NYM,LF,42,113,67.2,16.3,83,18
66,Eric Hosmer,SD,1B,27,132,69.6,19.4,81,15
67,Lorenzo Cain,MIL,CF,48,101,70.8,12.8,84,17
68,Xander Bogaerts,BOS,SS,44,102,71.1,12.8,72,4
69,Andrew McCutchen,SF,CF,44,94,71.2,9.3,79,10
70,Jean Segura,SEA,SS,33,112,71.5,14.5,76,6
71,Aaron Nola,PHI,SP,39,110,73.5,15.1,66,-5
72,James Paxton,SEA,SP,54,98,74,11,75,3
73,Dallas Keuchel,HOU,SP,50,100,75.7,11.8,61,-12
74,Willson Contreras,CHC,C,38,148,76.7,24.2,60,-14
75,Aroldis Chapman,NYY,RP,53,147,77.4,15.8,63,-12
76,Miguel Cabrera,DET,1B,43,169,79.1,26.6,86,10
77,Jose Quintana,CHC,SP,54,114,80.4,10.4,68,-9
78,Ryan Braun,MIL,LF,51,160,83,21.5,102,24
79,Billy Hamilton,CIN,CF,53,263,84.2,38.9,71,-8
80,Buster Posey,SF,"C,1B",30,160,86.8,30.5,56,-24
81,Travis Shaw,MIL,3B,61,166,89.1,22.3,87,6
82,Gerrit Cole,HOU,SP,72,146,92.2,18.6,77,-5
83,Masahiro Tanaka,NYY,SP,58,127,93.2,14.6,85,2
84,Roberto Osuna,TOR,RP,70,138,93.5,15.5,80,-4
85,Rougned Odor,TEX,2B,54,219,93.6,31.4,96,11
86,Whit Merrifield,KC,2B,44,159,94.5,29.7,78,-8
87,Rafael Devers,BOS,3B,52,174,95.2,23.4,94,7
88,Corey Knebel,MIL,RP,68,159,96,18.4,73,-15
89,Adrian Beltre,TEX,"3B,DH",62,200,100.5,29.3,136,47
90,Kyle Seager,SEA,3B,71,144,102.1,19.2,125,35
91,Domingo Santana,MIL,RF,66,179,102.2,28.2,89,-2
92,Miguel Sano,MIN,"3B,DH",56,283,104.9,40.4,95,3
93,DJ LeMahieu,COL,2B,63,167,104.9,24.9,110,17
94,Jake Arrieta,PHI,SP,70,182,105,24.7,88,-6
95,Yasiel Puig,LAD,RF,44,152,106.3,23.6,111,16
96,Matt Olson,OAK,1B,53,146,106.6,24.1,120,24
97,Shohei Ohtani,LAA,"SP,DH",55,190,106.8,27,82,-15
98,Joey Gallo,TEX,"3B,1B",62,227,109.8,35.3,113,15
99,Trevor Story,COL,SS,66,218,109.9,35.6,105,6
100,Ender Inciarte,ATL,CF,67,154,110.5,20.3,127,27
101,David Price,BOS,SP,77,194,104.8,24.8,98,-3
102,Kenneth Giles,HOU,RP,71,182,110.7,26.4,90,-12
103,Adam Jones,BAL,CF,72,189,112.1,21.5,129,26
104,Jon Lester,CHC,SP,89,154,112.5,17.3,97,-7
105,Mike Moustakas,KC,3B,69,192,113.3,28.6,122,17
106,Lance McCullers,HOU,SP,62,184,114.3,27,117,11
107,Cody Allen,CLE,RP,87,170,114.6,19.5,91,-16
108,Ian Desmond,COL,"1B,LF",63,177,109,21.2,124,16
109,Kyle Hendricks,CHC,SP,74,169,115.1,23.7,99,-10
110,Felipe Rivero,PIT,RP,77,178,115.7,25.9,92,-18
111,Rich Hill,LAD,SP,56,175,116.3,23.1,115,4
112,Edwin Diaz,SEA,RP,80,184,118.2,25,93,-19
113,Justin Smoak,TOR,1B,72,260,118.8,33.3,137,24
114,Jake Lamb,ARI,3B,71,183,118.9,31.6,134,20
115,Alex Wood,LAD,SP,69,167,119.1,22.5,101,-14
116,Justin Turner,LAD,3B,43,343,120.4,66.6,69,-47
117,Luis Castillo,CIN,SP,86,166,120.6,20.6,139,22
118,Chris Taylor,LAD,"2B,LF,CF",69,186,121.1,28.7,108,-10
119,Raisel Iglesias,CIN,RP,82,211,121.2,23.4,103,-16
120,Nick Castellanos,DET,"3B,RF",70,225,121.8,33.9,112,-8
121,Ryan Zimmerman,WSH,1B,67,213,125.5,27.3,144,23
122,Adam Eaton,WSH,CF,62,204,126.5,27.5,151,29
123,Carlos Santana,PHI,1B,70,209,126.8,27.7,146,23
124,Jose Berrios,MIN,SP,77,383,129.3,52.6,100,-24
125,Wade Davis,COL,RP,81,226,130.1,27.9,106,-19
126,Didi Gregorius,NYY,SS,65,185,125.2,21.7,107,-19
127,Matt Carpenter,STL,1B,59,231,130.8,40,148,21
128,Brad Hand,SD,RP,90,205,130.9,27,118,-10
129,Eddie Rosario,MIN,LF,57,222,131.3,35,123,-6
130,Zack Godley,ARI,SP,59,306,131.5,42.2,109,-21
131,Gregory Polanco,PIT,"RF,LF",92,202,127.4,26.7,152,21
132,Ian Kinsler,LAA,2B,80,180,133.5,24.3,170,38
133,Javier Baez,CHC,"SS,2B",72,229,134.9,34.7,128,-5
134,Ozzie Albies,ATL,2B,64,214,135.5,45.2,135,1
135,Johnny Cueto,SF,SP,76,269,135.9,33.5,140,5
136,Nomar Mazara,TEX,"RF,LF",86,228,137.8,33.8,158,22
137,Ian Happ,CHC,"2B,LF,CF",79,230,138.3,28.4,138,1
138,Jay Bruce,NYM,RF,97,253,140.1,29.6,142,4
139,Luke Weaver,STL,SP,89,262,142.9,32.6,119,-20
140,Ronald Acuna,ATL,CF ,65,200,139,34.5,126,-14
141,Sean Doolittle,WSH,RP,98,250,144.4,33.4,114,-27
142,Greg Bird,NYY,1B,97,241,145.6,34.2,156,14
143,Salvador Perez,KC,C,64,310,148.8,49,104,-39
144,Josh Bell,PIT,1B,100,201,144.6,22.4,175,31
145,Brett Gardner,NYY,"LF,CF",94,212,151,20.1,168,23
146,Sonny Gray,NYY,SP,89,293,151.1,34.3,116,-30
147,Jeff Samardzija,SF,SP,99,273,151.8,36.1,150,3
148,Kyle Schwarber,CHC,LF,89,210,151.9,28.3,161,13
149,Marcus Stroman,TOR,SP,111,290,152.7,34,132,-17
150,J.T. Realmuto,MIA,C,76,289,152.8,44.5,121,-29
151,Alexander Colome,TB,RP,106,198,153.8,22.4,130,-21
152,Kevin Kiermaier,TB,CF,110,239,154.3,24.6,174,22
153,Steven Souza,ARI,RF,76,248,155,31.1,169,16
154,Yoan Moncada,CWS,2B,63,239,154,35.6,145,-9
155,Odubel Herrera,PHI,CF,88,203,159,24.1,206,51
156,Manuel Margot,SD,CF,99,260,155.6,35,153,-3
157,Evan Longoria,SF,3B,97,299,160.2,41,178,21
158,Adam Duvall,CIN,LF,107,265,158,30.3,155,-3
159,Trevor Bauer,CLE,SP,90,235,162.6,35.4,133,-26
160,Marwin Gonzalez,HOU,"SS,1B,2B,LF",95,258,163.8,39.7,131,-29
161,Justin Bour,MIA,1B,99,277,164.7,41.2,182,21
162,Danny Duffy,KC,SP,101,259,166.4,38.1,162,-
163,Eugenio Suarez,CIN,3B,86,267,167.2,36.1,200,37
164,Michael Conforto,NYM,"LF,CF",113,216,167.5,23.2,191,27
165,Jonathan Gray,COL,SP,110,312,168.5,39,160,-5
166,Brandon Morrow,CHC,RP,98,258,171.2,38,157,-9
167,Paul DeJong,STL,"SS,2B",99,248,170.4,34.2,149,-18
168,Andrew Miller,CLE,RP,113,242,175,24.9,192,24
169,Evan Gattis,HOU,"C,DH",105,358,175.9,52.8,147,-22
170,Trey Mancini,BAL,"1B,LF",89,280,169.6,38.1,172,2
171,Garrett Richards,LAA,SP,109,270,178.2,36.6,166,-5
172,Eduardo Nunez,BOS,"2B,3B,LF",75,315,171.8,51.7,141,-31
173,Hector Neris,PHI,RP,100,272,179.5,33,154,-19
174,Jameson Taillon,PIT,SP,117,276,181.5,35.9,184,10
175,Mark Melancon,SF,RP,105,244,181.9,32,163,-12
176,Gio Gonzalez,WSH,SP,119,253,182.1,31.4,143,-33
177,Michael Fulmer,DET,SP,102,253,175.8,30.6,171,-6
178,Avisail Garcia,CWS,RF,108,294,184,34.9,190,12
179,Chase Anderson,MIL,SP,116,260,187.9,33.6,167,-12
180,Charlie Morton,HOU,SP,125,265,188,32.5,173,-7
181,Chris Davis,BAL,1B,142,266,184.6,29.8,211,30
182,Shin-Soo Choo,TEX,"RF,DH",140,298,189.8,30.2,257,75
183,Arodys Vizcaino,ATL,RP,106,267,191.4,35.7,159,-24
184,Jeurys Familia,NYM,RP,104,277,192,38.8,165,-19
185,Dexter Fowler,STL,CF,149,264,193.2,23.8,223,38
186,Kenta Maeda,LAD,SP,113,267,193.3,34.3,189,3
187,Kelvin Herrera,KC,RP,111,271,193.5,33.6,186,-1
188,Delino DeShields,TEX,"LF,CF",108,310,195.1,42.8,183,-5
189,Drew Pomeranz,BOS,SP,116,308,197.6,35.3,198,9
190,Bradley Zimmer,CLE,CF,104,283,197.7,35.1,209,19
191,Dylan Bundy,BAL,SP,141,271,197.1,34.1,176,-15
192,Danny Salazar,CLE,SP,123,265,197.7,42.6,180,-12
193,Blake Snell,TB,SP,133,300,201.5,35.4,204,11
194,Yadier Molina,STL,C,129,351,205.2,49.6,164,-30
195,Jonathan Villar,MIL,2B,126,294,200.3,41.5,199,4
196,Jason Kipnis,CLE,2B,104,293,201.1,38.1,213,17
197,Eric Thames,MIL,"1B,LF",122,287,202.3,41.6,195,-2
198,Mitch Haniger,SEA,RF,155,287,205.6,30.5,229,31
199,Andrelton Simmons,LAA,SS,119,335,204.2,38.8,207,8
200,Kevin Gausman,BAL,SP,153,334,204.3,42.6,187,-13
201,Blake Treinen,OAK,RP,125,273,206.3,35.5,185,-16
202,Wilson Ramos,TB,C,107,381,208.3,59.8,193,-9
203,Dinelson Lamet,SD,SP,140,295,207.6,41.3,220,17
204,Jackie Bradley,BOS,CF,153,281,208.4,26.9,247,43
205,Michael Brantley,CLE,LF,143,295,211.1,33.1,239,34
206,Josh Reddick,HOU,"RF,LF",125,311,213,39.8,256,50
207,David Peralta,ARI,"RF,LF",138,328,211.1,31.5,274,67
208,Scooter Gennett,CIN,2B,103,370,206.5,46.5,196,-12
209,Taijuan Walker,ARI,SP,138,326,214.6,45,194,-15
210,Maikel Franco,PHI,3B,156,285,204.8,28,236,26
211,Tim Anderson,CWS,SS,111,262,211.7,27.5,219,8
212,Carlos Gonzalez,COL,RF,118,330,218.9,47,260,48
213,Cesar Hernandez,PHI,2B,128,304,218,38.7,250,37
214,Archie Bradley,ARI,RP,122,317,218.5,43.2,179,-35
215,Yulieski Gurriel,HOU,1B,101,282,203.6,44,248,33
216,Marcus Semien,OAK,SS,114,294,214,41,254,38
217,Zack Cozart,LAA,SS,160,288,217.5,27.4,214,-3
218,Corey Dickerson,PIT,"LF,DH",167,301,209.1,34,222,4
219,Brad Brach,BAL,RP,148,312,219.7,33.1,201,-18
220,Mark Trumbo,BAL,"RF,DH",162,340,219.3,42.8,251,31
221,Welington Castillo,CWS,C,131,434,231.2,60.6,208,-13
222,Todd Frazier,NYM,3B,144,299,223.6,32,237,15
223,Michael Clevinger,CLE,SP,128,292,219.7,42.9,202,-21
224,Lance Lynn,MIN,SP,118,283,222.8,32.6,205,-19
225,Cole Hamels,TEX,SP,154,313,224,38.1,197,-28
226,Stephen Piscotty,OAK,RF,165,278,223.9,28.2,279,53
227,Orlando Arcia,MIL,SS,136,290,227.2,39.5,203,-24
228,Jacob Faria,TB,SP,154,372,234.4,40.2,217,-11
229,Hanley Ramirez,BOS,DH,123,401,225.1,60.2,327,98
230,Mike Zunino,SEA,C,130,416,237.4,60.8,181,-49
231,J.A. Happ,TOR,SP,123,317,232.5,42.8,249,18
232,Yonder Alonso,CLE,1B,135,352,226.2,50.9,272,40
233,Logan Morrison,MIN,1B,111,327,234.1,47.6,255,22
234,Jose Peraza,CIN,"SS,2B",160,293,231.1,31,234,-
235,Brandon Belt,SF,1B,150,330,235.1,41.7,324,89
236,Aaron Hicks,NYY,"CF,LF",145,401,238.6,40.8,245,9
237,Julio Teheran,ATL,SP,183,379,243.4,40.4,215,-22
238,Starlin Castro,MIA,2B,163,303,236.2,36.8,288,50
239,Kendrys Morales,TOR,DH,160,315,236.8,36.9,283,44
240,Sean Manaea,OAK,SP,164,363,243.3,41.6,253,13
241,Kole Calhoun,LAA,RF,146,311,240.3,35.2,268,27
242,Addison Russell,CHC,SS,166,326,240,36.7,231,-11
243,Rick Porcello,BOS,SP,167,320,241.8,31.3,212,-31
244,Brian McCann,HOU,C,128,419,252.9,58.2,224,-20
245,Tim Beckham,BAL,SS,156,300,234.5,32.7,259,14
246,Max Kepler,MIN,RF,169,312,243.6,29.1,292,46
247,Ryon Healy,SEA,"3B,1B,DH",153,311,239.9,36.7,246,-1
248,Fernando Rodney,MIN,RP,194,297,245.3,27.6,210,-38
249,Michael Wacha,STL,SP,183,397,251.6,44.4,240,-9
250,Greg Holland,,RP ,169,340,244.6,41.4,177,-73
251,Aaron Altherr,PHI,"LF,RF",149,300,246.9,32.1,293,42
252,Willie Calhoun,TEX,LF ,151,307,247.7,38.1,276,24
253,Aaron Sanchez,TOR,SP,160,363,252.6,49,188,-65
254,Tanner Roark,WSH,SP,174,448,256.8,47.3,226,-28
255,Michael Taylor,WSH,CF,177,360,250.4,39.6,242,-13
256,Shane Greene,DET,RP,157,342,249.7,33.4,221,-35
257,Dellin Betances,NYY,RP,185,316,253.3,31.2,230,-27
258,Randal Grichuk,TOR,"LF,RF",117,299,245.9,37.2,340,82
259,Blake Parker,LAA,RP,193,349,253.2,28.3,216,-43
260,Brad Peacock,HOU,"RP,SP",181,382,256.7,44.5,233,-27
261,Ryan McMahon,COL,1B,176,373,252.6,44.4,299,38
262,Jordan Montgomery,NYY,SP,187,357,255.9,33,244,-18
263,Jonathan Lucroy,OAK,C,147,407,267.5,63.3,218,-45
264,Matt Chapman,OAK,3B,166,398,260.8,38.5,265,1
265,Luke Gregerson,STL,RP,160,353,260.5,41.9,275,10
266,Patrick Corbin,ARI,SP,177,373,256.8,39.7,232,-34
267,Matt Kemp,LAD,LF,101,418,256.4,65.9,291,24
268,Lucas Giolito,CWS,SP,172,295,257,29.9,228,-40
269,Josh Harrison,PIT,"2B,3B",144,348,260.6,42.8,289,20
270,Albert Pujols,LAA,DH,158,322,254,39.8,290,20
271,Lewis Brinson,MIA,CF ,148,451,263.6,57.7,315,44
272,Alex Cobb,,SP ,178,377,264,37.9,227,-45
273,David Dahl,COL,CF ,198,403,267.8,47.1,243,-30
274,Yasmani Grandal,LAD,C,171,447,269.6,56.5,235,-39
275,Jose Martinez,STL,"1B,LF",145,369,267.2,57.5,267,-8
276,Jake Odorizzi,MIN,SP,174,423,270.4,45.9,262,-14
277,Amed Rosario,NYM,SS,162,330,267.8,38.3,282,5
278,Cameron Bedrosian,LAA,RP,189,349,261,46.3,266,-12
279,Austin Barnes,LAD,"C,2B",198,472,286.2,73.8,225,-54
280,Jorge Polanco,MIN,SS ,188,499,301.4,96.2,271,-9
281,Jedd Gyorko,STL,3B,129,395,271.5,56.4,421,140
282,Ervin Santana,MIN,SP,208,383,279.9,38.9,241,-41
283,Robinson Chirinos,TEX,C,158,461,290.7,68.4,296,13
284,Carlos Gomez,TB,CF ,198,368,277,45.3,396,112
285,Marco Estrada,TOR,SP,142,360,278.6,56.6,308,23
286,Cameron Maybin,MIA,"CF,LF",190,549,280,71.7,359,73
287,Scott Schebler,CIN,RF,211,445,273.2,49.1,309,22
288,C.J. Cron,TB,1B,147,412,280.5,62.1,452,164
289,David Robertson,NYY,RP,195,422,279.8,40.2,252,-37
290,Alexander Claudio,TEX,RP,184,432,285,47.6,263,-27
291,Chris Devenski,HOU,RP,182,386,284.5,43.6,273,-18
292,Luiz Gohara,ATL,SP,214,408,289.2,46.4,305,13
293,Nick Williams,PHI,RF,80,333,282.3,51.9,342,49
294,Alexander Reyes,STL,SP,211,497,298,58.9,306,12
295,Zach Davies,MIL,SP,173,424,294.3,54.3,280,-15
296,Chad Green,NYY,RP,202,416,280.7,61.7,261,-35
297,Carlos Rodon,CWS,SP,189,504,298.1,65.3,407,110
298,Joakim Soria,CWS,RP,200,468,285.2,61.7,295,-3
299,Neil Walker,NYY,2B,232,460,294.9,65.1,384,85
300,Joe Musgrove,PIT,"SP,RP",145,498,298.1,71.9,397,97
301,Zach Britton,BAL,RP ,224,473,299.3,52.7,294,-7
302,Felix Hernandez,SEA,SP,209,402,291,39.5,258,-44
303,Jimmy Nelson,MIL,SP,244,469,303.7,60.4,326,23
304,Gleyber Torres,NYY,SS ,198,450,302.5,61.4,264,-40
305,Brad Ziegler,MIA,RP,214,386,293.9,44.1,321,16
306,Chris Iannetta,COL,C,201,476,316.2,81.4,284,-22
307,Eduardo Rodriguez,BOS,SP,188,439,296.3,55.5,379,72
308,Addison Reed,MIN,RP,178,421,288.6,52.6,287,-21
309,Austin Hedges,SD,C,174,466,316.2,77.1,277,-32
310,Tyler Chatwood,CHC,"SP,RP",189,429,304.5,62.3,238,-72
311,Lucas Duda,KC,"1B,DH",167,449,301.8,66.4,462,151
312,Hunter Renfroe,SD,RF,220,358,293.2,35.1,332,20
313,Jorge Soler,KC,RF,176,458,308.6,78.4,445,132
314,Alex Avila,ARI,C,219,467,306.1,75.2,336,22
315,Ketel Marte,ARI,SS,201,416,296.5,50.2,413,98
316,Dominic Leone,STL,RP,234,427,297.5,61,304,-12
317,Dustin Pedroia,BOS,2B,228,493,298.8,57.1,414,97
318,Mallex Smith,TB,"CF,LF",223,371,294.1,45.7,348,30
319,Dansby Swanson,ATL,SS,236,382,308,50.5,285,-34
320,Brandon Crawford,SF,SS,201,362,293.1,41.8,278,-42
321,Jesse Winker,CIN,RF,191,432,308.8,55.8,372,51
322,Keone Kela,TEX,RP,210,498,320.7,84.3,343,21
323,Dustin Fowler,OAK,RF,192,487,325.4,76.9,441,118
324,Joc Pederson,LAD,CF,182,425,311,52.1,346,22
325,Derek Fisher,HOU,LF,227,397,317.5,51.5,474,149
326,Asdrubal Cabrera,NYM,"SS,2B,3B",219,454,307.6,52.2,314,-12
327,Russell Martin,TOR,C,205,462,333.1,76.4,344,17
328,Devon Travis,TOR,2B,194,497,332.1,70.2,377,49
329,Chris Owings,ARI,"SS,2B,RF",225,438,325.3,61.4,286,-43
330,Joe Mauer,MIN,1B,211,426,311.2,52.8,358,28
331,Daniel Straily,MIA,SP,201,502,329.4,75.1,382,51
332,A.J. Ramos,NYM,RP,240,429,303.9,45.3,362,30
333,Josh Hader,MIL,RP,241,413,308.8,48.8,281,-52
334,Nate Jones,CWS,RP,215,484,351.6,93.6,323,-11
335,Mike Leake,SEA,SP,185,448,337.7,75.3,392,57
336,Austin Hays,BAL,RF,221,415,310.9,51.1,347,11
337,Hyun-Jin Ryu,LAD,SP,224,439,333.5,69.3,417,80
338,Hunter Pence,SF,RF,232,431,322.1,60,316,-22
339,Miles Mikolas,STL,SP,257,372,309,35.9,317,-22
340,Jake Junis,KC,SP,187,458,344.2,70.7,443,103
341,Jose Pirela,SD,LF,197,458,327,64.5,460,119
342,Matt Harvey,NYM,SP,220,409,311.8,54.3,298,-44
343,Kyle Barraclough,MIA,RP,247,419,309.8,41.8,393,50
344,Melky Cabrera,,"LF,RF ",206,417,326.5,59.9,351,7
345,James McCann,DET,C,175,480,358,83.9,350,5
346,Victor Robles,WSH,RF ,238,410,317,47.5,364,18
347,Bradley Boxberger,ARI,RP,232,450,325.4,63.1,400,53
348,C.J. Edwards,CHC,RP,238,418,318.6,51.2,354,6
349,Brandon Drury,NYY,2B,208,499,361.3,84.8,376,27
350,Joe Panik,SF,2B,213,496,338.9,81,270,-80
351,Kevin Pillar,TOR,CF,246,415,307.1,40.8,300,-51
352,Mike Minor,TEX,"SP,RP",194,455,326.8,68.9,389,37
353,Matt Shoemaker,LAA,SP,251,481,336.2,63.9,427,74
354,Mychal Antonio Givens,BAL,RP,233,394,307.6,49.5,404,50
355,Tyler Glasnow,PIT,RP,241,478,342.1,73.8,438,83
356,Leonys Martin,DET,CF,163,448,370.2,82.9,499,143
357,Francisco Mejia,CLE,DH,204,559,344.1,107.2,353,-4
358,Mitch Moreland,BOS,1B,202,431,354.5,70,479,121
359,Logan Forsythe,LAD,"2B,3B",229,485,352.4,73.4,374,15
360,J.P. Crawford,PHI,3B,242,462,342.6,58.6,349,-11
361,Denard Span,TB,CF,248,397,317.6,53.4,521,160
362,German Marquez,COL,SP,230,455,337.8,60,403,41
363,Jose Bautista,,RF ,253,508,338.6,73.9,370,7
364,Ryan Madson,WSH,RP,226,351,310.7,43.1,322,-42
365,Keon Broxton,MIL,CF,245,443,326.4,57.8,310,-55
366,Matt Davidson,CWS,"3B,DH",231,495,364.5,87,433,67
367,Yangervis Solarte,TOR,"SS,2B,3B",264,425,319.9,44.5,269,-98
368,Austin Jackson,SF,"CF,LF",174,474,372.4,104.3,603,235
369,CC Sabathia,NYY,SP ,175,447,367.9,76.1,297,-72
370,Nick Senzel,CIN,3B ,251,493,347.5,79.9,373,3
371,Steven Matz,NYM,SP,243,460,340.2,61.1,383,12
372,Yandy Diaz,CLE,3B,207,489,335.8,105.3,550,178
373,Mikie Mahtook,DET,"CF,RF",257,410,340.8,58.7,423,50
374,Colin Moran,PIT,1B ,206,421,337.7,60.4,485,111
375,Vincent Velasquez,PHI,SP,197,472,371.6,71.4,431,56
376,Manny Pina,MIL,C,227,555,396,116.5,391,15
377,Anthony Swarzak,NYM,RP,252,447,342.4,70.3,470,93
378,Pedro Strop,CHC,RP,249,439,360.7,78,575,197
379,Curtis Granderson,TOR,"CF,LF,RF",231,413,353.7,55.1,352,-27
380,Nick Markakis,ATL,RF,249,439,353.4,58.8,307,-73
381,A.J. Minter,ATL,RP,253,428,338.6,62.4,339,-42
382,Matt Duffy,TB,SS,215,474,361.5,94.9,516,134
383,Troy Tulowitzki,TOR,SS,268,487,357.7,72.3,345,-38
384,Jason Heyward,CHC,RF,277,447,328.3,47.1,330,-54
385,Jeimer Candelario,DET,3B,232,374,321.9,36.5,406,21
386,Michael Foltynewicz,ATL,SP,239,497,403,73.3,412,26
387,Travis d'Arnaud,NYM,C,245,464,351.4,61.6,320,-67
388,Teoscar Hernandez,TOR,LF,254,469,356.6,59.3,432,44
389,Jorge Alfaro,PHI,C,247,503,364.3,70.2,303,-86
390,Jerad Eickhoff,PHI,SP,255,453,341.6,53.9,418,28
391,Victor Martinez,DET,DH,265,389,321.2,39.8,435,44
392,Tyler Flowers,ATL,C,272,473,351.1,59.5,365,-27
393,Sean Newcomb,ATL,SP,244,396,340.6,40,378,-15
394,Kolten Wong,STL,2B,275,429,326.8,44,402,8
395,Freddy Galvis,SD,SS,253,464,337.3,52.5,454,59
396,Matt Wieters,WSH,C,266,483,345.5,65.4,357,-39
397,Clint Frazier,NYY,LF,251,436,347,69.5,529,132
398,Nicky Delmonico,CWS,IF,236,482,341.8,90.5,497,99
399,Pat Neshek,PHI,RP,246,495,349.3,73.1,331,-68
400,Lonnie Chisenhall,CLE,RF,264,455,365.8,62.3,476,76
401,Jhoulys Chacin,MIL,SP,237,457,363.6,72.5,398,-3
402,Jed Lowrie,OAK,2B,257,467,372.9,62.6,448,46
403,Mark Reynolds,,1B ,270,392,330.2,43.7,428,25
404,Kyle Gibson,MIN,SP,247,512,405.6,84.3,509,105
405,Juan Minaya,CWS,RP,270,491,356.3,79.3,390,-15
406,Amir Garrett,CIN,RP,257,535,375.5,111.3,570,164
407,Robert Stephenson,CIN,SP,245,428,375.8,65.1,484,77
408,Yoshihisa Hirano,ARI,RP,266,561,387.3,96.3,401,-7
409,Brandon McCarthy,ATL,SP,269,530,398.2,88.9,498,89
410,Brett Cecil,STL,RP,274,466,353.3,82.3,696,286
411,Tyler Lyons,STL,RP,249,491,361,74.8,395,-16
412,Gerardo Parra,COL,"LF,RF",263,385,339.3,43.6,436,24
413,Emilio Pagan,OAK,RP,253,560,395.7,104.6,363,-50
414,Will Harris,HOU,RP,259,495,368.4,88.4,333,-81
415,Erasmo Ramirez,SEA,"SP,RP",275,451,373,74.8,501,86
416,Drew Steckenrider,MIA,RP,255,507,374,87.1,439,23
417,Jack Flaherty,STL,SP ,256,511,384.5,80.4,420,3
418,Ben Zobrist,CHC,"2B,LF,RF",256,476,372.5,58.8,301,-117
419,Michael Kopech,CWS,SP ,278,467,390.8,68.9,360,-59
420,Yusmeiro Petit,OAK,RP,259,437,353.8,66.3,536,116
421,Yasmany Tomas,ARI,LF,264,401,336.4,45.7,368,-53
422,Ivan Nova,PIT,SP,265,517,378.2,68,430,8
423,Tommy Kahnle,NYY,RP,270,453,383,71.2,338,-85
424,Jason Hammel,KC,SP,271,496,417.6,63.2,552,128
425,Brandon Woodruff,MIL,SP,272,545,435.6,87.5,469,44
426,Raul Adalberto Mondesi,KC,2B,272,441,362.3,57.3,440,14
427,Tommy Hunter,PHI,RP,273,556,425.8,100.7,620,193
428,Kurt Suzuki,ATL,C,273,507,392.7,80.9,328,-100
429,Dominic Smith,NYM,1B,274,490,403.8,72.8,506,77
430,Stephen Vogt,MIL,C,275,506,409.7,75.5,442,12
431,Anthony DeSclafani,CIN,SP,276,524,369.1,60.6,429,-2
432,Jose Reyes,NYM,"SS,2B,3B",276,475,393.4,71.4,380,-52
433,Darren O'Day,BAL,RP,278,545,386.2,91.5,572,139
434,Josh Tomlin,CLE,SP,278,487,402.8,80.9,513,79
435,Matt Joyce,OAK,"RF,LF",278,486,370,64.3,446,11
436,Raimel Tapia,COL,RF,278,470,391.1,61.6,450,14
437,Hernan Perez,MIL,"3B,LF,RF",279,536,425,77.7,411,-26
438,Juan Nicasio,SEA,RP,279,521,399.8,83.3,496,58
439,Tyler Anderson,COL,SP,279,505,402.6,62.7,491,52
440,Andrew Cashner,BAL,SP,280,466,404.5,73.1,467,27
441,Tyler Mahle,CIN,SP,281,564,450.5,111.1,437,-4
442,Reynaldo Lopez,CWS,SP,281,525,373.9,63.7,386,-56
443,Seung-Hwan Oh,TOR,RP,281,390,322.4,30.1,341,-102
444,Brandon Phillips,,"2B,3B ",282,445,384.3,61.3,312,-132
445,Tony Watson,SF,RP,283,397,345.3,47.1,355,-90
446,Justin Wilson,CHC,RP,284,637,464.7,144.2,598,152
447,Nick Vincent,SEA,RP,284,552,405.2,94.1,780,333
448,Walker Buehler,LAD,SP,284,508,385.4,70.4,409,-39
449,Trevor Hildenberger,MIN,RP,286,581,394,132.8,313,-136
450,Colby Rasmus,BAL,LF ,286,491,382.6,77.1,602,152
451,Pedro Baez,LAD,RP,287,538,388,87.1,663,212
452,Nick Pivetta,PHI,SP,290,509,430.7,61.3,495,43
453,Jacob Barnes,MIL,RP,290,478,384,86.8,600,147
454,Jason Vargas,NYM,SP,290,477,402.3,66.7,325,-129
455,Carson Smith,BOS,RP,291,586,419.3,116.7,583,128
456,Jaime Garcia,TOR,SP,291,513,424.7,82.3,366,-90
457,Chase Headley,SD,"3B,1B",291,488,385.8,52.7,375,-82
458,Steve Cishek,CHC,RP,292,566,423.8,87,553,95
459,Chad Kuhl,PIT,SP,292,519,401.7,67.5,471,12
460,Nick Goody,CLE,RP,294,634,464,170,610,150
461,Martin Prado,MIA,3B,296,494,415.5,63.5,517,56
462,Cory Spangenberg,SD,"3B,LF",296,479,420.2,66.6,447,-15
463,Paul Sewald,NYM,RP,296,343,319.5,23.5,,
464,Jason Castro,MIN,C,297,504,402.5,66.9,464,-
465,Ryan Buchter,OAK,RP,299,576,409,108.1,720,255
466,Liam Hendriks,OAK,RP,300,446,369,66.5,754,288
467,Franklin Barreto,OAK,SS,301,646,435.5,107.5,514,47
468,Jose Iglesias,DET,SS,301,503,412.8,56.7,451,-17
469,Hector Rondon,HOU,RP,302,613,432,113.1,614,145
470,Kirby Yates,SD,RP,303,593,434.5,109.3,528,58
471,Brad Miller,TB,2B,303,471,391.2,44.2,507,36
472,Jacoby Ellsbury,NYY,CF,303,436,365.3,39.7,490,18
473,Matt Bush,TEX,RP,304,478,396.8,58.9,415,-58
474,Rajai Davis,CLE,"CF,LF ",305,543,401.6,80.5,394,-80
475,Tyler Skaggs,LAA,SP,305,495,390.2,53,463,-12
476,Miguel Andujar,NYY,3B,308,473,391.1,61.7,356,-120
477,Wilmer Flores,NYM,"3B,1B",309,484,383.8,47.6,434,-43
478,Aledmys Diaz,TOR,SS,309,479,384.7,57.5,531,53
479,Jerry Blevins,NYM,RP,312,604,457.3,119.2,830,351
480,Joe Jimenez,DET,RP,313,595,467.3,116.7,473,-7
481,Ryan Tepera,TOR,RP,314,470,394.5,55.9,644,163
482,Koda Glover,WSH,RP,315,588,455.3,111.6,641,159
483,Albert Almora,CHC,CF,315,552,399.1,78.1,466,-17
484,Bryan Shaw,COL,RP,315,481,418,73.4,629,145
485,Yolmer Sanchez,CWS,"2B,3B",318,612,444.2,94.1,482,-3
486,Joe Smith,HOU,RP,318,601,444.3,117.5,658,172
487,Brent Suter,MIL,"SP,RP",318,542,448,94.9,538,51
488,Christian Vazquez,BOS,C,318,472,416.8,50.6,329,-159
489,Andrew Heaney,LAA,SP,319,497,394.7,51.8,449,-40
490,Chance Sisco,BAL,C,319,485,406.5,55.2,416,-74
491,Eduardo Escobar,MIN,"3B,DH",320,562,434.8,73.1,399,-92
492,Johan Camargo,ATL,"SS,3B",321,541,446,81.8,504,12
493,Jorge Bonifacio,KC,RF ,323,436,400.3,45.1,487,-6
494,Hunter Strickland,SF,RP,324,616,469.3,103.6,678,184
495,Jarrod Dyson,ARI,CF,325,519,409.3,68,468,-27
496,Alex Gordon,KC,LF,326,569,423,92.2,574,78
497,J.C. Ramirez,LAA,SP,326,529,429.1,73,524,27
498,Sam Dyson,SF,RP,326,475,382.8,55.7,488,-10
499,Adam Wainwright,STL,SP,327,523,402.8,52.5,387,-112
500,Zach McAllister,CLE,RP,328,614,456,102.3,,
501,Chris Stratton,SF,SP,329,536,418,79.1,505,4
502,Collin McHugh,HOU,SP,329,524,395.6,55.5,408,-94
503,Brandon Finnegan,CIN,SP,331,497,436.6,54.3,502,-1
504,Bud Norris,STL,RP,331,480,412.8,66.3,475,-29
505,Tom Murphy,COL,C,331,414,372.5,41.5,522,17
506,Matt Albers,MIL,RP,332,555,423.8,78.2,665,159
507,Mike Montgomery,CHC,"SP,RP",332,459,404.4,39.3,381,-126
508,Nick Delmonico,MIL,LF,335,625,432.7,136,,
509,Adrian Gonzalez,NYM,1B,336,512,409.4,49.6,549,40
510,Danny Barnes,TOR,RP,336,472,404,68,,
511,Ross Stripling,LAD,RP,337,541,414.3,90.3,698,187
512,George Kontos,PIT,RP,339,618,465.7,115.3,832,320
513,Clayton Richard,SD,SP,339,526,460.3,56.7,503,-10
514,Dan Otero,CLE,RP,340,463,401.5,61.5,,
515,John Lackey,,SP ,343,449,382,47.6,337,-178
516,Kendall Graveman,OAK,SP,345,538,438.9,61.8,494,-22
517,Jim Johnson,LAA,RP,345,471,396.3,49,601,84
518,Miguel Gonzalez,CWS,SP,346,530,440.3,73.9,802,284
519,Daniel Mengden,OAK,SP,346,527,446.7,54.4,426,-93
520,Ian Kennedy,KC,SP,346,490,416.3,43.7,510,-10
521,Matt Duffy,TEX,3B ,349,551,433,85.9,,
522,Francisco Cervelli,PIT,C,349,543,459.5,72.3,500,-22
523,Scott Kingery,PHI,2B ,350,515,409.4,59.3,371,-152
524,Jose De Leon,TB,SP ,351,471,415,49.3,567,43
525,Cameron Rupp,PHI,C,354,539,445,70.3,554,29
526,Ben Gamel,SEA,"LF,RF",355,528,413.9,45.5,508,-18
527,Daniel Hudson,TB,RP,355,489,422,67,718,191
528,Jake Marisnick,HOU,CF,357,511,437,58.5,581,53
529,Michael Lorenzen,CIN,RP,362,647,460,116.2,532,3
530,Magneuris Sierra,MIA,RF,362,540,436.3,75.6,599,69
531,Derek Dietrich,MIA,3B,363,510,429.5,50,541,10
532,Matt Moore,TEX,SP,364,507,422.2,52.2,459,-73
533,Yan Gomes,CLE,C,365,559,467.1,59.4,477,-56
534,Brandon Maurer,KC,RP,365,473,419.3,44.1,576,42
535,Tucker Barnhart,CIN,C,366,494,434.3,36.7,367,-168
536,Howie Kendrick,WSH,LF,367,565,446.7,59.2,558,22
537,Jose Urena,MIA,"SP,RP",367,557,463.8,84.1,388,-149
538,Dillon Peters,MIA,SP,368,574,453.3,75.2,590,52
539,Francisco Rodriguez,WSH,RP ,369,423,396,27,,
540,Sandy Leon,BOS,C,370,602,486,116,605,65
541,Nathan Eovaldi,TB,SP,370,521,455.7,63.3,546,5
542,Bruce Maxwell,OAK,C,371,568,511.5,81.5,526,-16
543,Matthew Strahm,SD,RP,371,544,457.5,86.5,585,42
544,Junior Guerra,MIL,RP,374,450,419,32.6,758,214
545,Leury Garcia,CWS,"CF,LF",375,579,446,80.8,556,11
546,Zack Wheeler,NYM,SP,375,525,455.9,47.2,492,-54
547,Roberto Perez,CLE,C,376,619,497.5,121.5,628,81
548,Martin Maldonado,LAA,C,377,597,503,80.8,483,-65
549,Alex Dickerson,SD,LF,377,515,445,54.1,669,120
550,Carson Fulmer,CWS,SP,378,528,466.8,58.4,461,-89
551,Wei-Yin Chen,MIA,SP,379,522,449.4,43.1,681,130
552,Robbie Grossman,MIN,"RF,DH",379,520,449.5,70.5,707,155
553,Doug Fister,TEX,SP,382,628,494.3,101.6,607,54
554,Brandon Nimmo,NYM,LF,382,611,467.7,66.6,481,-73
555,Jordy Mercer,PIT,SS,382,517,439.8,51.5,520,-35
556,Tyson Ross,SD,SP ,382,426,404,22,405,-151
557,Mark Leiter Jr.,PHI,,384,567,489,77.1,606,49
558,Luis Valbuena,LAA,"3B,1B",386,639,494.7,106.3,511,-47
559,Seth Lugo,NYM,SP,386,541,459.8,60.8,571,12
560,Steve Pearce,TOR,LF,387,564,484,73.3,617,57
561,Matt Adams,WSH,1B,387,518,445,54.5,535,-26
562,Daniel Norris,DET,SP,388,505,428.2,43,458,-104
563,Brett Phillips,MIL,CF,389,537,441,68,579,16
564,Nathan Karns,KC,SP,390,546,470.8,58.2,455,-109
565,Ben Lively,PHI,SP,391,554,472.5,81.5,593,28
566,Ariel Miranda,SEA,SP,391,516,436.3,56.5,533,-33
567,Mike Fiers,DET,SP,392,535,459.1,48.6,569,2
568,Brandon Kintzler,WSH,RP,393,486,449.5,36.1,302,-266
569,Matt Boyd,DET,SP,395,642,487,82.5,548,-21
570,Adam Frazier,PIT,"2B,LF",395,550,451.1,58.9,489,-81
571,Caleb Joseph,BAL,C,395,548,485.3,65.5,318,-253
572,Andrew Triggs,OAK,SP,396,533,485.5,53.4,419,-153
573,Julio Urias,LAD,SP ,397,504,433.7,49.7,361,-212
574,Tommy Joseph,TEX,1B,400,517,444.3,38,478,-96
575,Jeff Hoffman,COL,RP,404,529,449,56.7,639,64
576,Jeremy Hellickson,WSH,SP ,404,424,413.7,8.2,537,-39
577,Jordan Zimmermann,DET,SP,405,539,480.4,48,385,-192
578,Trevor Williams,PIT,SP,406,547,466.5,57,465,-113
579,Adam Conley,MIA,SP,407,513,465.3,43.9,700,121
580,Harrison Bader,STL,CF,408,561,484.5,76.5,587,7
581,Chris Carter,OAK,1B ,409,532,477.7,51.2,,
582,Yonny Chirinos,TB, ,411,485,448,37,738,156
583,Alcides Escobar,KC,SS,412,522,465.6,41.2,444,-139
584,Tyler Naquin,CLE,CF,412,478,438,28.7,858,274
585,Carter Capps,SD,RP,413,589,492.7,72.8,626,41
586,Dan Vogelbach,SEA,1B,413,573,493,80,657,71
587,Jon Jay,KC,"LF,CF",414,583,481,73.3,632,45
588,Dixon Machado,DET,"SS,2B",415,548,467.7,57.7,613,25
589,Matt Andriese,TB,SP,417,580,476,55.7,534,-55
590,Shelby Miller,ARI,SP ,417,572,494.5,77.5,711,121
591,Jesus Aguilar,MIL,1B,418,571,496.8,57.9,573,-18
592,Alex Verdugo,LAD,CF,419,485,452,33,555,-37
593,Craig Stammen,SD,RP,421,558,489.5,68.5,,
594,Kyle Freeland,COL,SP,422,505,463.5,41.5,597,3
595,Tony Wolters,COL,C,426,638,532,106,660,65
596,Adam Warren,NYY,RP,426,582,504,78,724,128
597,Trevor Cahill,OAK,SP,428,526,477,49,630,33
598,Shawn Kelley,WSH,RP,428,440,434,6,,
599,Sal Romano,CIN,RP,430,632,531,101,666,67
600,Rafael Montero,NYM,RP,430,563,496.5,66.5,731,131
601,Eloy Jimenez,CWS,LF ,431,575,478,54.2,319,-282
602,Robert Gsellman,NYM,"RP,SP",431,437,434,3,618,16
603,Joshua Fields,LAD,RP,432,605,497,76.9,741,138
604,David Hernandez,CIN,RP ,434,608,500.3,76.8,797,193
605,Parker Bridwell,LAA,SP,435,570,509,55.9,369,-236
606,Paul Blackburn,OAK,SP,436,648,536.3,86.9,,
607,Jose Ramirez,ATL,RP,436,461,448.5,12.5,,
608,Gabriel Ynoa,BAL,SP,437,590,513.5,76.5,,
609,Cheslor Cuthbert,KC,3B,438,534,480,35.7,616,7
610,Brian Goodwin,WSH,"CF,LF",439,577,508,69,646,36
611,Tyler White,HOU,1B,439,511,475,36,752,141
612,Paulo Orlando,KC,RF,440,587,513.5,60.4,781,169
613,Boog Powell,OAK,CF,441,545,486.8,44.2,635,22
614,A.J. Cole,WSH,SP,443,591,517,74,456,-158
615,Chad Pinder,OAK,"SS,RF",444,606,500,64.6,515,-100
616,Ezequiel Carrera,TOR,"LF,RF ",446,609,527.5,81.5,798,182
617,Sergio Romo,TB,RP,448,599,523.5,75.5,717,100
618,Scott Alexander,LAD,RP,450,598,524,74,728,110
619,Adeiny Hechavarria,TB,SS,451,596,509.7,62.3,518,-101
620,Brendan Rodgers,COL,SS ,452,641,546.5,94.5,335,-285
621,Bryan Mitchell,SD,SP ,452,607,529.5,77.5,544,-77
622,Homer Bailey,CIN,SP,454,508,473.7,24.4,566,-56
623,Andrew Toles,LAD,LF ,457,640,548.5,91.5,530,-93
624,Jose Leclerc,TEX,RP,461,553,507,46,693,69
625,Hansel Robles,NYM,RP,462,643,552.5,90.5,803,178
626,Brandon Moss,OAK,DH ,463,475,469,6,519,-107
627,John Hicks,DET,1B,465,603,534,69,715,88
628,Brian Anderson,MIA,3B,466,585,512,44.3,557,-71
629,Sandy Alcantara,MIA, ,467,635,523.3,66.4,594,-35
630,James Shields,CWS,SP,468,503,485.5,17.5,625,-5
631,Brock Stewart,LAD,SP,469,630,549.5,80.5,591,-40
632,Dan Jennings,TB,RP,475,584,529.5,54.5,740,108
633,Devin Mesoraco,CIN,C,478,620,549,71,543,-90
634,Sean Rodriguez,PIT,RF,478,542,510,32,680,46
635,Jurickson Profar,TEX,LF ,484,644,561.3,65.4,582,-53
636,Marco Gonzales,SEA,SP,486,594,521,43.5,609,-27
637,Lucas Sims,ATL,SP,491,645,568,77,671,34
638,Joe Biagini,TOR,SP,491,546,520,22.6,589,-49
639,Keynan Middleton,LAA,RP,494,610,552,58,648,9
640,Ty Blach,SF,"SP,RP",496,615,555.5,59.5,425,-215
641,Ronald Torreyes,NYY,"SS,2B,3B",497,592,536.3,40.5,334,-307
642,Jesus Sucre,TB,C,498,626,562,64,716,74
643,Wilmer Difo,WSH,"SS,2B",501,501,501,0,453,-190
644,J.T. Riddle,MIA,SS,510,600,555,45,778,134
645,Phil Maton,SD,,533,636,584.5,51.5,748,103
646,David Freese,PIT,3B,563,622,592.5,29.5,651,5